TrialNumber,Participant,ConFBLSMCLS,ConRew,Bias,TrialType,Reward,LongShort,FBMem,Gender,Age,AQ,PI20,FB (1) vs MC(2),Short (1) vs Long (2)
1,3,1,1,0.03,FBS,Pos,Short,FB,2,20,13,32,1,1
2,3,2,2,0.05,FBL,Neg,Long,FB,2,20,13,32,1,2
3,3,3,1,0.03,MCS,Pos,Short,Mem,2,20,13,32,2,1
4,3,4,2,0.01,MCL,Neg,Long,Mem,2,20,13,32,2,2
5,3,1,1,-0.03,FBS,Pos,Short,FB,2,20,13,32,1,1
6,3,3,2,-0.03,MCS,Neg,Short,Mem,2,20,13,32,2,1
7,3,4,1,0.06,MCL,Pos,Long,Mem,2,20,13,32,2,2
8,3,2,1,-0.09,FBL,Pos,Long,FB,2,20,13,32,1,2
9,3,1,2,-0.03,FBS,Neg,Short,FB,2,20,13,32,1,1
10,3,3,2,0,MCS,Neg,Short,Mem,2,20,13,32,2,1
11,3,2,2,0.02,FBL,Neg,Long,FB,2,20,13,32,1,2
12,3,4,2,-0.05,MCL,Neg,Long,Mem,2,20,13,32,2,2
13,3,4,1,0,MCL,Pos,Long,Mem,2,20,13,32,2,2
14,3,2,1,-0.01,FBL,Pos,Long,FB,2,20,13,32,1,2
15,3,3,1,-0.14,MCS,Pos,Short,Mem,2,20,13,32,2,1
16,3,1,2,0.59,FBS,Neg,Short,FB,2,20,13,32,1,1
1,4,1,1,0.02,FBS,Pos,Short,FB,2,23,21,53,1,1
2,4,2,2,-0.03,FBL,Neg,Long,FB,2,23,21,53,1,2
3,4,3,1,-0.04,MCS,Pos,Short,Mem,2,23,21,53,2,1
4,4,4,2,-0.01,MCL,Neg,Long,Mem,2,23,21,53,2,2
5,4,1,1,0,FBS,Pos,Short,FB,2,23,21,53,1,1
6,4,3,2,0,MCS,Neg,Short,Mem,2,23,21,53,2,1
7,4,4,1,0.02,MCL,Pos,Long,Mem,2,23,21,53,2,2
8,4,2,1,-0.01,FBL,Pos,Long,FB,2,23,21,53,1,2
9,4,1,2,-0.05,FBS,Neg,Short,FB,2,23,21,53,1,1
10,4,3,2,-0.01,MCS,Neg,Short,Mem,2,23,21,53,2,1
11,4,2,2,-0.03,FBL,Neg,Long,FB,2,23,21,53,1,2
12,4,4,2,0,MCL,Neg,Long,Mem,2,23,21,53,2,2
13,4,4,1,-0.01,MCL,Pos,Long,Mem,2,23,21,53,2,2
14,4,2,1,-0.03,FBL,Pos,Long,FB,2,23,21,53,1,2
15,4,3,1,0.04,MCS,Pos,Short,Mem,2,23,21,53,2,1
16,4,1,2,-0.03,FBS,Neg,Short,FB,2,23,21,53,1,1
1,5,1,1,0.06,FBS,Pos,Short,FB,2,25,27,33,1,1
2,5,2,2,-0.04,FBL,Neg,Long,FB,2,25,27,33,1,2
3,5,3,1,-0.01,MCS,Pos,Short,Mem,2,25,27,33,2,1
4,5,4,2,0,MCL,Neg,Long,Mem,2,25,27,33,2,2
5,5,1,1,-0.01,FBS,Pos,Short,FB,2,25,27,33,1,1
6,5,3,2,0.08,MCS,Neg,Short,Mem,2,25,27,33,2,1
7,5,4,1,-0.04,MCL,Pos,Long,Mem,2,25,27,33,2,2
8,5,2,1,-0.19,FBL,Pos,Long,FB,2,25,27,33,1,2
9,5,1,2,0.5,FBS,Neg,Short,FB,2,25,27,33,1,1
10,5,3,2,0.03,MCS,Neg,Short,Mem,2,25,27,33,2,1
11,5,2,2,-0.01,FBL,Neg,Long,FB,2,25,27,33,1,2
12,5,4,2,-0.09,MCL,Neg,Long,Mem,2,25,27,33,2,2
13,5,4,1,-0.13,MCL,Pos,Long,Mem,2,25,27,33,2,2
14,5,2,1,-0.11,FBL,Pos,Long,FB,2,25,27,33,1,2
15,5,3,1,0.03,MCS,Pos,Short,Mem,2,25,27,33,2,1
16,5,1,2,0.04,FBS,Neg,Short,FB,2,25,27,33,1,1
1,6,1,1,0.42,FBS,Pos,Short,FB,1,30,20,34,1,1
2,6,2,2,0.18,FBL,Neg,Long,FB,1,30,20,34,1,2
3,6,3,1,0.03,MCS,Pos,Short,Mem,1,30,20,34,2,1
4,6,4,2,0,MCL,Neg,Long,Mem,1,30,20,34,2,2
5,6,1,1,-0.01,FBS,Pos,Short,FB,1,30,20,34,1,1
6,6,3,2,0,MCS,Neg,Short,Mem,1,30,20,34,2,1
7,6,4,1,0.02,MCL,Pos,Long,Mem,1,30,20,34,2,2
8,6,2,1,-0.04,FBL,Pos,Long,FB,1,30,20,34,1,2
9,6,1,2,0.02,FBS,Neg,Short,FB,1,30,20,34,1,1
10,6,3,2,0.05,MCS,Neg,Short,Mem,1,30,20,34,2,1
11,6,2,2,0.16,FBL,Neg,Long,FB,1,30,20,34,1,2
12,6,4,2,0.03,MCL,Neg,Long,Mem,1,30,20,34,2,2
13,6,4,1,-0.02,MCL,Pos,Long,Mem,1,30,20,34,2,2
14,6,2,1,-0.02,FBL,Pos,Long,FB,1,30,20,34,1,2
15,6,3,1,0.03,MCS,Pos,Short,Mem,1,30,20,34,2,1
16,6,1,2,-0.02,FBS,Neg,Short,FB,1,30,20,34,1,1
1,8,1,1,-0.01,FBS,Pos,Short,FB,2,34,23,45,1,1
2,8,2,2,0.26,FBL,Neg,Long,FB,2,34,23,45,1,2
3,8,3,1,0.17,MCS,Pos,Short,Mem,2,34,23,45,2,1
4,8,4,2,-0.02,MCL,Neg,Long,Mem,2,34,23,45,2,2
5,8,1,1,0.01,FBS,Pos,Short,FB,2,34,23,45,1,1
6,8,3,2,0.15,MCS,Neg,Short,Mem,2,34,23,45,2,1
7,8,4,1,-0.1,MCL,Pos,Long,Mem,2,34,23,45,2,2
8,8,2,1,0.2,FBL,Pos,Long,FB,2,34,23,45,1,2
9,8,1,2,0.08,FBS,Neg,Short,FB,2,34,23,45,1,1
10,8,3,2,0.05,MCS,Neg,Short,Mem,2,34,23,45,2,1
11,8,2,2,0.06,FBL,Neg,Long,FB,2,34,23,45,1,2
12,8,4,2,-0.04,MCL,Neg,Long,Mem,2,34,23,45,2,2
13,8,4,1,0.05,MCL,Pos,Long,Mem,2,34,23,45,2,2
14,8,2,1,0.03,FBL,Pos,Long,FB,2,34,23,45,1,2
15,8,3,1,-0.06,MCS,Pos,Short,Mem,2,34,23,45,2,1
16,8,1,2,0.01,FBS,Neg,Short,FB,2,34,23,45,1,1
1,10,1,1,0.03,FBS,Pos,Short,FB,2,20,11,22,1,1
2,10,2,2,0,FBL,Neg,Long,FB,2,20,11,22,1,2
3,10,3,1,-0.02,MCS,Pos,Short,Mem,2,20,11,22,2,1
4,10,4,2,0,MCL,Neg,Long,Mem,2,20,11,22,2,2
5,10,1,1,0.02,FBS,Pos,Short,FB,2,20,11,22,1,1
6,10,3,2,0.13,MCS,Neg,Short,Mem,2,20,11,22,2,1
7,10,4,1,-0.13,MCL,Pos,Long,Mem,2,20,11,22,2,2
8,10,2,1,0.07,FBL,Pos,Long,FB,2,20,11,22,1,2
9,10,1,2,-0.06,FBS,Neg,Short,FB,2,20,11,22,1,1
10,10,3,2,0.07,MCS,Neg,Short,Mem,2,20,11,22,2,1
11,10,2,2,-0.06,FBL,Neg,Long,FB,2,20,11,22,1,2
12,10,4,2,-0.06,MCL,Neg,Long,Mem,2,20,11,22,2,2
13,10,4,1,0.03,MCL,Pos,Long,Mem,2,20,11,22,2,2
14,10,2,1,-0.07,FBL,Pos,Long,FB,2,20,11,22,1,2
15,10,3,1,-0.02,MCS,Pos,Short,Mem,2,20,11,22,2,1
16,10,1,2,-0.01,FBS,Neg,Short,FB,2,20,11,22,1,1
1,12,1,1,0.02,FBS,Pos,Short,FB,2,21,13,40,1,1
2,12,2,2,-0.01,FBL,Neg,Long,FB,2,21,13,40,1,2
3,12,3,1,-0.13,MCS,Pos,Short,Mem,2,21,13,40,2,1
4,12,4,2,0.15,MCL,Neg,Long,Mem,2,21,13,40,2,2
5,12,1,1,0,FBS,Pos,Short,FB,2,21,13,40,1,1
6,12,3,2,-0.01,MCS,Neg,Short,Mem,2,21,13,40,2,1
7,12,4,1,0.11,MCL,Pos,Long,Mem,2,21,13,40,2,2
8,12,2,1,0.52,FBL,Pos,Long,FB,2,21,13,40,1,2
9,12,1,2,-0.19,FBS,Neg,Short,FB,2,21,13,40,1,1
10,12,3,2,0.06,MCS,Neg,Short,Mem,2,21,13,40,2,1
11,12,2,2,-0.08,FBL,Neg,Long,FB,2,21,13,40,1,2
12,12,4,2,0.06,MCL,Neg,Long,Mem,2,21,13,40,2,2
13,12,4,1,-0.03,MCL,Pos,Long,Mem,2,21,13,40,2,2
14,12,2,1,-0.07,FBL,Pos,Long,FB,2,21,13,40,1,2
15,12,3,1,-0.07,MCS,Pos,Short,Mem,2,21,13,40,2,1
16,12,1,2,-0.05,FBS,Neg,Short,FB,2,21,13,40,1,1
1,13,1,1,0.01,FBS,Pos,Short,FB,2,20,12,26,1,1
2,13,2,2,0.14,FBL,Neg,Long,FB,2,20,12,26,1,2
3,13,3,1,0.19,MCS,Pos,Short,Mem,2,20,12,26,2,1
4,13,4,2,0.05,MCL,Neg,Long,Mem,2,20,12,26,2,2
5,13,1,1,0,FBS,Pos,Short,FB,2,20,12,26,1,1
6,13,3,2,-0.02,MCS,Neg,Short,Mem,2,20,12,26,2,1
7,13,4,1,-0.18,MCL,Pos,Long,Mem,2,20,12,26,2,2
8,13,2,1,-0.07,FBL,Pos,Long,FB,2,20,12,26,1,2
9,13,1,2,-0.15,FBS,Neg,Short,FB,2,20,12,26,1,1
10,13,3,2,0.01,MCS,Neg,Short,Mem,2,20,12,26,2,1
11,13,2,2,-0.05,FBL,Neg,Long,FB,2,20,12,26,1,2
12,13,4,2,0,MCL,Neg,Long,Mem,2,20,12,26,2,2
13,13,4,1,0.01,MCL,Pos,Long,Mem,2,20,12,26,2,2
14,13,2,1,0.01,FBL,Pos,Long,FB,2,20,12,26,1,2
15,13,3,1,-0.04,MCS,Pos,Short,Mem,2,20,12,26,2,1
16,13,1,2,0.04,FBS,Neg,Short,FB,2,20,12,26,1,1
1,14,1,1,0.02,FBS,Pos,Short,FB,1,24,17,37,1,1
2,14,2,2,0.01,FBL,Neg,Long,FB,1,24,17,37,1,2
3,14,3,1,0.08,MCS,Pos,Short,Mem,1,24,17,37,2,1
4,14,4,2,0.03,MCL,Neg,Long,Mem,1,24,17,37,2,2
5,14,1,1,0,FBS,Pos,Short,FB,1,24,17,37,1,1
6,14,3,2,-0.02,MCS,Neg,Short,Mem,1,24,17,37,2,1
7,14,4,1,-0.02,MCL,Pos,Long,Mem,1,24,17,37,2,2
8,14,2,1,0.5,FBL,Pos,Long,FB,1,24,17,37,1,2
9,14,1,2,-0.07,FBS,Neg,Short,FB,1,24,17,37,1,1
10,14,3,2,-0.02,MCS,Neg,Short,Mem,1,24,17,37,2,1
11,14,2,2,0.01,FBL,Neg,Long,FB,1,24,17,37,1,2
12,14,4,2,-0.1,MCL,Neg,Long,Mem,1,24,17,37,2,2
13,14,4,1,-0.01,MCL,Pos,Long,Mem,1,24,17,37,2,2
14,14,2,1,0.03,FBL,Pos,Long,FB,1,24,17,37,1,2
15,14,3,1,-0.06,MCS,Pos,Short,Mem,1,24,17,37,2,1
16,14,1,2,-0.02,FBS,Neg,Short,FB,1,24,17,37,1,1
1,15,1,1,0.03,FBS,Pos,Short,FB,1,21,10,35,1,1
2,15,2,2,0.07,FBL,Neg,Long,FB,1,21,10,35,1,2
3,15,3,1,-0.06,MCS,Pos,Short,Mem,1,21,10,35,2,1
4,15,4,2,-0.02,MCL,Neg,Long,Mem,1,21,10,35,2,2
5,15,1,1,-0.02,FBS,Pos,Short,FB,1,21,10,35,1,1
6,15,3,2,0.24,MCS,Neg,Short,Mem,1,21,10,35,2,1
7,15,4,1,-0.11,MCL,Pos,Long,Mem,1,21,10,35,2,2
8,15,2,1,-0.17,FBL,Pos,Long,FB,1,21,10,35,1,2
9,15,1,2,-0.03,FBS,Neg,Short,FB,1,21,10,35,1,1
10,15,3,2,0.03,MCS,Neg,Short,Mem,1,21,10,35,2,1
11,15,2,2,0.15,FBL,Neg,Long,FB,1,21,10,35,1,2
12,15,4,2,0,MCL,Neg,Long,Mem,1,21,10,35,2,2
13,15,4,1,0.1,MCL,Pos,Long,Mem,1,21,10,35,2,2
14,15,2,1,0,FBL,Pos,Long,FB,1,21,10,35,1,2
15,15,3,1,-0.02,MCS,Pos,Short,Mem,1,21,10,35,2,1
16,15,1,2,-0.07,FBS,Neg,Short,FB,1,21,10,35,1,1
1,16,1,1,0.02,FBS,Pos,Short,FB,1,20,18,32,1,1
2,16,2,2,0.17,FBL,Neg,Long,FB,1,20,18,32,1,2
3,16,3,1,0.06,MCS,Pos,Short,Mem,1,20,18,32,2,1
4,16,4,2,-0.01,MCL,Neg,Long,Mem,1,20,18,32,2,2
5,16,1,1,-0.02,FBS,Pos,Short,FB,1,20,18,32,1,1
6,16,3,2,0.03,MCS,Neg,Short,Mem,1,20,18,32,2,1
7,16,4,1,-0.11,MCL,Pos,Long,Mem,1,20,18,32,2,2
8,16,2,1,-0.02,FBL,Pos,Long,FB,1,20,18,32,1,2
9,16,1,2,-0.05,FBS,Neg,Short,FB,1,20,18,32,1,1
10,16,3,2,0.04,MCS,Neg,Short,Mem,1,20,18,32,2,1
11,16,2,2,-0.05,FBL,Neg,Long,FB,1,20,18,32,1,2
12,16,4,2,-0.05,MCL,Neg,Long,Mem,1,20,18,32,2,2
13,16,4,1,0.13,MCL,Pos,Long,Mem,1,20,18,32,2,2
14,16,2,1,0.03,FBL,Pos,Long,FB,1,20,18,32,1,2
15,16,3,1,-0.01,MCS,Pos,Short,Mem,1,20,18,32,2,1
16,16,1,2,-0.01,FBS,Neg,Short,FB,1,20,18,32,1,1
1,17,1,1,0.03,FBS,Pos,Short,FB,2,27,11,33,1,1
2,17,2,2,-0.12,FBL,Neg,Long,FB,2,27,11,33,1,2
3,17,3,1,0.31,MCS,Pos,Short,Mem,2,27,11,33,2,1
4,17,4,2,-0.03,MCL,Neg,Long,Mem,2,27,11,33,2,2
5,17,1,1,0.01,FBS,Pos,Short,FB,2,27,11,33,1,1
6,17,3,2,-0.02,MCS,Neg,Short,Mem,2,27,11,33,2,1
7,17,4,1,-0.17,MCL,Pos,Long,Mem,2,27,11,33,2,2
8,17,2,1,-0.09,FBL,Pos,Long,FB,2,27,11,33,1,2
9,17,1,2,0.01,FBS,Neg,Short,FB,2,27,11,33,1,1
10,17,3,2,0.05,MCS,Neg,Short,Mem,2,27,11,33,2,1
11,17,2,2,0.69,FBL,Neg,Long,FB,2,27,11,33,1,2
12,17,4,2,-0.04,MCL,Neg,Long,Mem,2,27,11,33,2,2
13,17,4,1,-0.1,MCL,Pos,Long,Mem,2,27,11,33,2,2
14,17,2,1,0.3,FBL,Pos,Long,FB,2,27,11,33,1,2
15,17,3,1,-0.08,MCS,Pos,Short,Mem,2,27,11,33,2,1
16,17,1,2,0.03,FBS,Neg,Short,FB,2,27,11,33,1,1
1,19,1,1,0.01,FBS,Pos,Short,FB,2,21,10,53,1,1
2,19,2,2,0.11,FBL,Neg,Long,FB,2,21,10,53,1,2
3,19,3,1,0.01,MCS,Pos,Short,Mem,2,21,10,53,2,1
4,19,4,2,-0.03,MCL,Neg,Long,Mem,2,21,10,53,2,2
5,19,1,1,0,FBS,Pos,Short,FB,2,21,10,53,1,1
6,19,3,2,0.02,MCS,Neg,Short,Mem,2,21,10,53,2,1
7,19,4,1,-0.04,MCL,Pos,Long,Mem,2,21,10,53,2,2
8,19,2,1,0.01,FBL,Pos,Long,FB,2,21,10,53,1,2
9,19,1,2,-0.06,FBS,Neg,Short,FB,2,21,10,53,1,1
10,19,3,2,0.04,MCS,Neg,Short,Mem,2,21,10,53,2,1
11,19,2,2,0.06,FBL,Neg,Long,FB,2,21,10,53,1,2
12,19,4,2,0.1,MCL,Neg,Long,Mem,2,21,10,53,2,2
13,19,4,1,0.01,MCL,Pos,Long,Mem,2,21,10,53,2,2
14,19,2,1,0.03,FBL,Pos,Long,FB,2,21,10,53,1,2
15,19,3,1,-0.01,MCS,Pos,Short,Mem,2,21,10,53,2,1
16,19,1,2,-0.03,FBS,Neg,Short,FB,2,21,10,53,1,1
1,20,1,1,-0.01,FBS,Pos,Short,FB,2,36,18,80,1,1
2,20,2,2,0.01,FBL,Neg,Long,FB,2,36,18,80,1,2
3,20,3,1,0.42,MCS,Pos,Short,Mem,2,36,18,80,2,1
4,20,4,2,-0.03,MCL,Neg,Long,Mem,2,36,18,80,2,2
5,20,1,1,0.02,FBS,Pos,Short,FB,2,36,18,80,1,1
6,20,3,2,-0.02,MCS,Neg,Short,Mem,2,36,18,80,2,1
7,20,4,1,0.09,MCL,Pos,Long,Mem,2,36,18,80,2,2
8,20,2,1,-0.05,FBL,Pos,Long,FB,2,36,18,80,1,2
9,20,1,2,-0.01,FBS,Neg,Short,FB,2,36,18,80,1,1
10,20,3,2,0.01,MCS,Neg,Short,Mem,2,36,18,80,2,1
11,20,2,2,0.13,FBL,Neg,Long,FB,2,36,18,80,1,2
12,20,4,2,0.07,MCL,Neg,Long,Mem,2,36,18,80,2,2
13,20,4,1,0.08,MCL,Pos,Long,Mem,2,36,18,80,2,2
14,20,2,1,0.08,FBL,Pos,Long,FB,2,36,18,80,1,2
15,20,3,1,0,MCS,Pos,Short,Mem,2,36,18,80,2,1
16,20,1,2,0.08,FBS,Neg,Short,FB,2,36,18,80,1,1
1,21,1,1,0.02,FBS,Pos,Short,FB,1,30,15,66,1,1
2,21,2,2,-0.1,FBL,Neg,Long,FB,1,30,15,66,1,2
3,21,3,1,-0.08,MCS,Pos,Short,Mem,1,30,15,66,2,1
4,21,4,2,-0.01,MCL,Neg,Long,Mem,1,30,15,66,2,2
5,21,1,1,-0.01,FBS,Pos,Short,FB,1,30,15,66,1,1
6,21,3,2,0.01,MCS,Neg,Short,Mem,1,30,15,66,2,1
7,21,4,1,-0.06,MCL,Pos,Long,Mem,1,30,15,66,2,2
8,21,2,1,0.28,FBL,Pos,Long,FB,1,30,15,66,1,2
9,21,1,2,-0.02,FBS,Neg,Short,FB,1,30,15,66,1,1
10,21,3,2,0.02,MCS,Neg,Short,Mem,1,30,15,66,2,1
11,21,2,2,-0.04,FBL,Neg,Long,FB,1,30,15,66,1,2
12,21,4,2,-0.13,MCL,Neg,Long,Mem,1,30,15,66,2,2
13,21,4,1,-0.06,MCL,Pos,Long,Mem,1,30,15,66,2,2
14,21,2,1,-0.01,FBL,Pos,Long,FB,1,30,15,66,1,2
15,21,3,1,-0.1,MCS,Pos,Short,Mem,1,30,15,66,2,1
16,21,1,2,0.27,FBS,Neg,Short,FB,1,30,15,66,1,1
1,22,1,1,0.06,FBS,Pos,Short,FB,1,22,16,43,1,1
2,22,2,2,-0.01,FBL,Neg,Long,FB,1,22,16,43,1,2
3,22,3,1,0.09,MCS,Pos,Short,Mem,1,22,16,43,2,1
4,22,4,2,-0.09,MCL,Neg,Long,Mem,1,22,16,43,2,2
5,22,1,1,-0.03,FBS,Pos,Short,FB,1,22,16,43,1,1
6,22,3,2,-0.03,MCS,Neg,Short,Mem,1,22,16,43,2,1
7,22,4,1,-0.06,MCL,Pos,Long,Mem,1,22,16,43,2,2
8,22,2,1,0.01,FBL,Pos,Long,FB,1,22,16,43,1,2
9,22,1,2,0,FBS,Neg,Short,FB,1,22,16,43,1,1
10,22,3,2,0.04,MCS,Neg,Short,Mem,1,22,16,43,2,1
11,22,2,2,0.07,FBL,Neg,Long,FB,1,22,16,43,1,2
12,22,4,2,0.04,MCL,Neg,Long,Mem,1,22,16,43,2,2
13,22,4,1,0.08,MCL,Pos,Long,Mem,1,22,16,43,2,2
14,22,2,1,0.02,FBL,Pos,Long,FB,1,22,16,43,1,2
15,22,3,1,-0.01,MCS,Pos,Short,Mem,1,22,16,43,2,1
16,22,1,2,0.02,FBS,Neg,Short,FB,1,22,16,43,1,1
1,23,1,1,0.03,FBS,Pos,Short,FB,2,20,10,36,1,1
2,23,2,2,-0.05,FBL,Neg,Long,FB,2,20,10,36,1,2
3,23,3,1,0,MCS,Pos,Short,Mem,2,20,10,36,2,1
4,23,4,2,0.01,MCL,Neg,Long,Mem,2,20,10,36,2,2
5,23,1,1,0,FBS,Pos,Short,FB,2,20,10,36,1,1
6,23,3,2,-0.01,MCS,Neg,Short,Mem,2,20,10,36,2,1
7,23,4,1,0.08,MCL,Pos,Long,Mem,2,20,10,36,2,2
8,23,2,1,0,FBL,Pos,Long,FB,2,20,10,36,1,2
9,23,1,2,0.19,FBS,Neg,Short,FB,2,20,10,36,1,1
10,23,3,2,0.03,MCS,Neg,Short,Mem,2,20,10,36,2,1
11,23,2,2,-0.09,FBL,Neg,Long,FB,2,20,10,36,1,2
12,23,4,2,-0.09,MCL,Neg,Long,Mem,2,20,10,36,2,2
13,23,4,1,0.09,MCL,Pos,Long,Mem,2,20,10,36,2,2
14,23,2,1,0.05,FBL,Pos,Long,FB,2,20,10,36,1,2
15,23,3,1,-0.06,MCS,Pos,Short,Mem,2,20,10,36,2,1
16,23,1,2,0.06,FBS,Neg,Short,FB,2,20,10,36,1,1
1,24,1,1,0.02,FBS,Pos,Short,FB,1,20,19,38,1,1
2,24,2,2,0.06,FBL,Neg,Long,FB,1,20,19,38,1,2
3,24,3,1,-0.01,MCS,Pos,Short,Mem,1,20,19,38,2,1
4,24,4,2,0.07,MCL,Neg,Long,Mem,1,20,19,38,2,2
5,24,1,1,-0.01,FBS,Pos,Short,FB,1,20,19,38,1,1
6,24,3,2,0.2,MCS,Neg,Short,Mem,1,20,19,38,2,1
7,24,4,1,-0.02,MCL,Pos,Long,Mem,1,20,19,38,2,2
8,24,2,1,0.22,FBL,Pos,Long,FB,1,20,19,38,1,2
9,24,1,2,0.03,FBS,Neg,Short,FB,1,20,19,38,1,1
10,24,3,2,0,MCS,Neg,Short,Mem,1,20,19,38,2,1
11,24,2,2,0.08,FBL,Neg,Long,FB,1,20,19,38,1,2
12,24,4,2,-0.08,MCL,Neg,Long,Mem,1,20,19,38,2,2
13,24,4,1,0.02,MCL,Pos,Long,Mem,1,20,19,38,2,2
14,24,2,1,-0.03,FBL,Pos,Long,FB,1,20,19,38,1,2
15,24,3,1,-0.01,MCS,Pos,Short,Mem,1,20,19,38,2,1
16,24,1,2,0.03,FBS,Neg,Short,FB,1,20,19,38,1,1
1,27,1,1,0.02,FBS,Pos,Short,FB,2,18,12,34,1,1
2,27,2,2,0.07,FBL,Neg,Long,FB,2,18,12,34,1,2
3,27,3,1,0.39,MCS,Pos,Short,Mem,2,18,12,34,2,1
4,27,4,2,-0.01,MCL,Neg,Long,Mem,2,18,12,34,2,2
5,27,1,1,-0.01,FBS,Pos,Short,FB,2,18,12,34,1,1
6,27,3,2,-0.04,MCS,Neg,Short,Mem,2,18,12,34,2,1
7,27,4,1,-0.03,MCL,Pos,Long,Mem,2,18,12,34,2,2
8,27,2,1,-0.01,FBL,Pos,Long,FB,2,18,12,34,1,2
9,27,1,2,0.15,FBS,Neg,Short,FB,2,18,12,34,1,1
10,27,3,2,0,MCS,Neg,Short,Mem,2,18,12,34,2,1
11,27,2,2,0.03,FBL,Neg,Long,FB,2,18,12,34,1,2
12,27,4,2,0.42,MCL,Neg,Long,Mem,2,18,12,34,2,2
13,27,4,1,0.57,MCL,Pos,Long,Mem,2,18,12,34,2,2
14,27,2,1,0.02,FBL,Pos,Long,FB,2,18,12,34,1,2
15,27,3,1,0.01,MCS,Pos,Short,Mem,2,18,12,34,2,1
16,27,1,2,-0.03,FBS,Neg,Short,FB,2,18,12,34,1,1
1,28,1,1,0.01,FBS,Pos,Short,FB,1,19,14,32,1,1
2,28,2,2,-0.12,FBL,Neg,Long,FB,1,19,14,32,1,2
3,28,3,1,0.04,MCS,Pos,Short,Mem,1,19,14,32,2,1
4,28,4,2,0.08,MCL,Neg,Long,Mem,1,19,14,32,2,2
5,28,1,1,-0.01,FBS,Pos,Short,FB,1,19,14,32,1,1
6,28,3,2,-0.03,MCS,Neg,Short,Mem,1,19,14,32,2,1
7,28,4,1,-0.09,MCL,Pos,Long,Mem,1,19,14,32,2,2
8,28,2,1,0,FBL,Pos,Long,FB,1,19,14,32,1,2
9,28,1,2,-0.04,FBS,Neg,Short,FB,1,19,14,32,1,1
10,28,3,2,0.04,MCS,Neg,Short,Mem,1,19,14,32,2,1
11,28,2,2,-0.07,FBL,Neg,Long,FB,1,19,14,32,1,2
12,28,4,2,-0.04,MCL,Neg,Long,Mem,1,19,14,32,2,2
13,28,4,1,-0.04,MCL,Pos,Long,Mem,1,19,14,32,2,2
14,28,2,1,0.08,FBL,Pos,Long,FB,1,19,14,32,1,2
15,28,3,1,0,MCS,Pos,Short,Mem,1,19,14,32,2,1
16,28,1,2,-0.03,FBS,Neg,Short,FB,1,19,14,32,1,1
1,30,1,1,0.06,FBS,Pos,Short,FB,2,19,9,40,1,1
2,30,2,2,-0.11,FBL,Neg,Long,FB,2,19,9,40,1,2
3,30,3,1,0.59,MCS,Pos,Short,Mem,2,19,9,40,2,1
4,30,4,2,0.01,MCL,Neg,Long,Mem,2,19,9,40,2,2
5,30,1,1,0.01,FBS,Pos,Short,FB,2,19,9,40,1,1
6,30,3,2,0.02,MCS,Neg,Short,Mem,2,19,9,40,2,1
7,30,4,1,-0.1,MCL,Pos,Long,Mem,2,19,9,40,2,2
8,30,2,1,0.27,FBL,Pos,Long,FB,2,19,9,40,1,2
9,30,1,2,0.01,FBS,Neg,Short,FB,2,19,9,40,1,1
10,30,3,2,0.11,MCS,Neg,Short,Mem,2,19,9,40,2,1
11,30,2,2,0.01,FBL,Neg,Long,FB,2,19,9,40,1,2
12,30,4,2,0,MCL,Neg,Long,Mem,2,19,9,40,2,2
13,30,4,1,0.03,MCL,Pos,Long,Mem,2,19,9,40,2,2
14,30,2,1,-0.07,FBL,Pos,Long,FB,2,19,9,40,1,2
15,30,3,1,-0.04,MCS,Pos,Short,Mem,2,19,9,40,2,1
16,30,1,2,0,FBS,Neg,Short,FB,2,19,9,40,1,1
1,31,1,1,0.08,FBS,Pos,Short,FB,2,19,14,40,1,1
2,31,2,2,0.59,FBL,Neg,Long,FB,2,19,14,40,1,2
3,31,3,1,-0.07,MCS,Pos,Short,Mem,2,19,14,40,2,1
4,31,4,2,-0.05,MCL,Neg,Long,Mem,2,19,14,40,2,2
5,31,1,1,0,FBS,Pos,Short,FB,2,19,14,40,1,1
6,31,3,2,-0.01,MCS,Neg,Short,Mem,2,19,14,40,2,1
7,31,4,1,0.14,MCL,Pos,Long,Mem,2,19,14,40,2,2
8,31,2,1,0.01,FBL,Pos,Long,FB,2,19,14,40,1,2
9,31,1,2,-0.15,FBS,Neg,Short,FB,2,19,14,40,1,1
10,31,3,2,0.02,MCS,Neg,Short,Mem,2,19,14,40,2,1
11,31,2,2,0.09,FBL,Neg,Long,FB,2,19,14,40,1,2
12,31,4,2,-0.15,MCL,Neg,Long,Mem,2,19,14,40,2,2
13,31,4,1,0.15,MCL,Pos,Long,Mem,2,19,14,40,2,2
14,31,2,1,0.48,FBL,Pos,Long,FB,2,19,14,40,1,2
15,31,3,1,0.33,MCS,Pos,Short,Mem,2,19,14,40,2,1
16,31,1,2,0.12,FBS,Neg,Short,FB,2,19,14,40,1,1
1,32,1,1,0.04,FBS,Pos,Short,FB,2,19,9,46,1,1
2,32,2,2,-0.02,FBL,Neg,Long,FB,2,19,9,46,1,2
3,32,3,1,-0.01,MCS,Pos,Short,Mem,2,19,9,46,2,1
4,32,4,2,0.13,MCL,Neg,Long,Mem,2,19,9,46,2,2
5,32,1,1,-0.01,FBS,Pos,Short,FB,2,19,9,46,1,1
6,32,3,2,0.02,MCS,Neg,Short,Mem,2,19,9,46,2,1
7,32,4,1,0.18,MCL,Pos,Long,Mem,2,19,9,46,2,2
8,32,2,1,0,FBL,Pos,Long,FB,2,19,9,46,1,2
9,32,1,2,-0.08,FBS,Neg,Short,FB,2,19,9,46,1,1
10,32,3,2,0.04,MCS,Neg,Short,Mem,2,19,9,46,2,1
11,32,2,2,0.04,FBL,Neg,Long,FB,2,19,9,46,1,2
12,32,4,2,0.05,MCL,Neg,Long,Mem,2,19,9,46,2,2
13,32,4,1,-0.05,MCL,Pos,Long,Mem,2,19,9,46,2,2
14,32,2,1,-0.03,FBL,Pos,Long,FB,2,19,9,46,1,2
15,32,3,1,-0.01,MCS,Pos,Short,Mem,2,19,9,46,2,1
16,32,1,2,0.03,FBS,Neg,Short,FB,2,19,9,46,1,1
1,33,1,1,0,FBS,Pos,Short,FB,2,20,5,38,1,1
2,33,2,2,0.68,FBL,Neg,Long,FB,2,20,5,38,1,2
3,33,3,1,-0.21,MCS,Pos,Short,Mem,2,20,5,38,2,1
4,33,4,2,-0.02,MCL,Neg,Long,Mem,2,20,5,38,2,2
5,33,1,1,0,FBS,Pos,Short,FB,2,20,5,38,1,1
6,33,3,2,0.02,MCS,Neg,Short,Mem,2,20,5,38,2,1
7,33,4,1,-0.02,MCL,Pos,Long,Mem,2,20,5,38,2,2
8,33,2,1,-0.01,FBL,Pos,Long,FB,2,20,5,38,1,2
9,33,1,2,-0.04,FBS,Neg,Short,FB,2,20,5,38,1,1
10,33,3,2,0.01,MCS,Neg,Short,Mem,2,20,5,38,2,1
11,33,2,2,-0.13,FBL,Neg,Long,FB,2,20,5,38,1,2
12,33,4,2,-0.25,MCL,Neg,Long,Mem,2,20,5,38,2,2
13,33,4,1,-0.1,MCL,Pos,Long,Mem,2,20,5,38,2,2
14,33,2,1,-0.15,FBL,Pos,Long,FB,2,20,5,38,1,2
15,33,3,1,-0.25,MCS,Pos,Short,Mem,2,20,5,38,2,1
16,33,1,2,-0.16,FBS,Neg,Short,FB,2,20,5,38,1,1
1,34,1,1,0.02,FBS,Pos,Short,FB,2,19,15,51,1,1
2,34,2,2,-0.06,FBL,Neg,Long,FB,2,19,15,51,1,2
3,34,3,1,0.47,MCS,Pos,Short,Mem,2,19,15,51,2,1
4,34,4,2,0.14,MCL,Neg,Long,Mem,2,19,15,51,2,2
5,34,1,1,-0.02,FBS,Pos,Short,FB,2,19,15,51,1,1
6,34,3,2,-0.01,MCS,Neg,Short,Mem,2,19,15,51,2,1
7,34,4,1,-0.07,MCL,Pos,Long,Mem,2,19,15,51,2,2
8,34,2,1,0.13,FBL,Pos,Long,FB,2,19,15,51,1,2
9,34,1,2,-0.1,FBS,Neg,Short,FB,2,19,15,51,1,1
10,34,3,2,0.08,MCS,Neg,Short,Mem,2,19,15,51,2,1
11,34,2,2,0.46,FBL,Neg,Long,FB,2,19,15,51,1,2
12,34,4,2,0.54,MCL,Neg,Long,Mem,2,19,15,51,2,2
13,34,4,1,0.62,MCL,Pos,Long,Mem,2,19,15,51,2,2
14,34,2,1,0.53,FBL,Pos,Long,FB,2,19,15,51,1,2
15,34,3,1,0.08,MCS,Pos,Short,Mem,2,19,15,51,2,1
16,34,1,2,-0.11,FBS,Neg,Short,FB,2,19,15,51,1,1
1,36,1,1,0.01,FBS,Pos,Short,FB,2,20,48,45,1,1
2,36,2,2,0.1,FBL,Neg,Long,FB,2,20,48,45,1,2
3,36,3,1,-0.09,MCS,Pos,Short,Mem,2,20,48,45,2,1
4,36,4,2,0.21,MCL,Neg,Long,Mem,2,20,48,45,2,2
5,36,1,1,-0.03,FBS,Pos,Short,FB,2,20,48,45,1,1
6,36,3,2,-0.03,MCS,Neg,Short,Mem,2,20,48,45,2,1
7,36,4,1,0.01,MCL,Pos,Long,Mem,2,20,48,45,2,2
8,36,2,1,0.02,FBL,Pos,Long,FB,2,20,48,45,1,2
9,36,1,2,0.05,FBS,Neg,Short,FB,2,20,48,45,1,1
10,36,3,2,0.01,MCS,Neg,Short,Mem,2,20,48,45,2,1
11,36,2,2,0.03,FBL,Neg,Long,FB,2,20,48,45,1,2
12,36,4,2,-0.03,MCL,Neg,Long,Mem,2,20,48,45,2,2
13,36,4,1,0.03,MCL,Pos,Long,Mem,2,20,48,45,2,2
14,36,2,1,0.03,FBL,Pos,Long,FB,2,20,48,45,1,2
15,36,3,1,-0.1,MCS,Pos,Short,Mem,2,20,48,45,2,1
16,36,1,2,0.03,FBS,Neg,Short,FB,2,20,48,45,1,1
1,38,1,1,0.02,FBS,Pos,Short,FB,2,18,20,36,1,1
2,38,2,2,0.01,FBL,Neg,Long,FB,2,18,20,36,1,2
3,38,3,1,-0.08,MCS,Pos,Short,Mem,2,18,20,36,2,1
4,38,4,2,0.06,MCL,Neg,Long,Mem,2,18,20,36,2,2
5,38,1,1,-0.01,FBS,Pos,Short,FB,2,18,20,36,1,1
6,38,3,2,0.01,MCS,Neg,Short,Mem,2,18,20,36,2,1
7,38,4,1,-0.14,MCL,Pos,Long,Mem,2,18,20,36,2,2
8,38,2,1,0.48,FBL,Pos,Long,FB,2,18,20,36,1,2
9,38,1,2,-0.06,FBS,Neg,Short,FB,2,18,20,36,1,1
10,38,3,2,0.01,MCS,Neg,Short,Mem,2,18,20,36,2,1
11,38,2,2,0.04,FBL,Neg,Long,FB,2,18,20,36,1,2
12,38,4,2,0.14,MCL,Neg,Long,Mem,2,18,20,36,2,2
13,38,4,1,0.05,MCL,Pos,Long,Mem,2,18,20,36,2,2
14,38,2,1,0.01,FBL,Pos,Long,FB,2,18,20,36,1,2
15,38,3,1,-0.01,MCS,Pos,Short,Mem,2,18,20,36,2,1
16,38,1,2,-0.04,FBS,Neg,Short,FB,2,18,20,36,1,1
1,39,1,1,0.04,FBS,Pos,Short,FB,2,19,11,42,1,1
2,39,2,2,-0.04,FBL,Neg,Long,FB,2,19,11,42,1,2
3,39,3,1,0.01,MCS,Pos,Short,Mem,2,19,11,42,2,1
4,39,4,2,0.05,MCL,Neg,Long,Mem,2,19,11,42,2,2
5,39,1,1,0,FBS,Pos,Short,FB,2,19,11,42,1,1
6,39,3,2,0.24,MCS,Neg,Short,Mem,2,19,11,42,2,1
7,39,4,1,0.03,MCL,Pos,Long,Mem,2,19,11,42,2,2
8,39,2,1,0.02,FBL,Pos,Long,FB,2,19,11,42,1,2
9,39,1,2,0.05,FBS,Neg,Short,FB,2,19,11,42,1,1
10,39,3,2,0.01,MCS,Neg,Short,Mem,2,19,11,42,2,1
11,39,2,2,0,FBL,Neg,Long,FB,2,19,11,42,1,2
12,39,4,2,0,MCL,Neg,Long,Mem,2,19,11,42,2,2
13,39,4,1,-0.04,MCL,Pos,Long,Mem,2,19,11,42,2,2
14,39,2,1,0.07,FBL,Pos,Long,FB,2,19,11,42,1,2
15,39,3,1,0.33,MCS,Pos,Short,Mem,2,19,11,42,2,1
16,39,1,2,0.1,FBS,Neg,Short,FB,2,19,11,42,1,1
1,40,1,1,0.17,FBS,Pos,Short,FB,2,21,8,25,1,1
2,40,2,2,0.01,FBL,Neg,Long,FB,2,21,8,25,1,2
3,40,3,1,0.05,MCS,Pos,Short,Mem,2,21,8,25,2,1
4,40,4,2,0,MCL,Neg,Long,Mem,2,21,8,25,2,2
5,40,1,1,0,FBS,Pos,Short,FB,2,21,8,25,1,1
6,40,3,2,-0.01,MCS,Neg,Short,Mem,2,21,8,25,2,1
7,40,4,1,0.01,MCL,Pos,Long,Mem,2,21,8,25,2,2
8,40,2,1,0.04,FBL,Pos,Long,FB,2,21,8,25,1,2
9,40,1,2,0.02,FBS,Neg,Short,FB,2,21,8,25,1,1
10,40,3,2,0.04,MCS,Neg,Short,Mem,2,21,8,25,2,1
11,40,2,2,-0.06,FBL,Neg,Long,FB,2,21,8,25,1,2
12,40,4,2,-0.02,MCL,Neg,Long,Mem,2,21,8,25,2,2
13,40,4,1,-0.02,MCL,Pos,Long,Mem,2,21,8,25,2,2
14,40,2,1,-0.06,FBL,Pos,Long,FB,2,21,8,25,1,2
15,40,3,1,-0.05,MCS,Pos,Short,Mem,2,21,8,25,2,1
16,40,1,2,0.43,FBS,Neg,Short,FB,2,21,8,25,1,1
1,41,1,1,-0.01,FBS,Pos,Short,FB,2,20,20,43,1,1
2,41,2,2,-0.03,FBL,Neg,Long,FB,2,20,20,43,1,2
3,41,3,1,-0.13,MCS,Pos,Short,Mem,2,20,20,43,2,1
4,41,4,2,0.03,MCL,Neg,Long,Mem,2,20,20,43,2,2
5,41,1,1,0.01,FBS,Pos,Short,FB,2,20,20,43,1,1
6,41,3,2,-0.02,MCS,Neg,Short,Mem,2,20,20,43,2,1
7,41,4,1,-0.23,MCL,Pos,Long,Mem,2,20,20,43,2,2
8,41,2,1,-0.05,FBL,Pos,Long,FB,2,20,20,43,1,2
9,41,1,2,-0.15,FBS,Neg,Short,FB,2,20,20,43,1,1
10,41,3,2,0.04,MCS,Neg,Short,Mem,2,20,20,43,2,1
11,41,2,2,-0.04,FBL,Neg,Long,FB,2,20,20,43,1,2
12,41,4,2,0.04,MCL,Neg,Long,Mem,2,20,20,43,2,2
13,41,4,1,-0.03,MCL,Pos,Long,Mem,2,20,20,43,2,2
14,41,2,1,0.01,FBL,Pos,Long,FB,2,20,20,43,1,2
15,41,3,1,-0.19,MCS,Pos,Short,Mem,2,20,20,43,2,1
16,41,1,2,-0.03,FBS,Neg,Short,FB,2,20,20,43,1,1
1,42,1,1,0.09,FBS,Pos,Short,FB,2,18,14,37,1,1
2,42,2,2,0.63,FBL,Neg,Long,FB,2,18,14,37,1,2
3,42,3,1,-0.03,MCS,Pos,Short,Mem,2,18,14,37,2,1
4,42,4,2,0.01,MCL,Neg,Long,Mem,2,18,14,37,2,2
5,42,1,1,0.38,FBS,Pos,Short,FB,2,18,14,37,1,1
6,42,3,2,0,MCS,Neg,Short,Mem,2,18,14,37,2,1
7,42,4,1,0.17,MCL,Pos,Long,Mem,2,18,14,37,2,2
8,42,2,1,0.23,FBL,Pos,Long,FB,2,18,14,37,1,2
9,42,1,2,-0.01,FBS,Neg,Short,FB,2,18,14,37,1,1
10,42,3,2,0.04,MCS,Neg,Short,Mem,2,18,14,37,2,1
11,42,2,2,-0.03,FBL,Neg,Long,FB,2,18,14,37,1,2
12,42,4,2,-0.05,MCL,Neg,Long,Mem,2,18,14,37,2,2
13,42,4,1,0.07,MCL,Pos,Long,Mem,2,18,14,37,2,2
14,42,2,1,0,FBL,Pos,Long,FB,2,18,14,37,1,2
15,42,3,1,0.08,MCS,Pos,Short,Mem,2,18,14,37,2,1
16,42,1,2,0.1,FBS,Neg,Short,FB,2,18,14,37,1,1
1,44,1,1,0.03,FBS,Pos,Short,FB,2,21,17,37,1,1
2,44,2,2,0,FBL,Neg,Long,FB,2,21,17,37,1,2
3,44,3,1,0.01,MCS,Pos,Short,Mem,2,21,17,37,2,1
4,44,4,2,0.01,MCL,Neg,Long,Mem,2,21,17,37,2,2
5,44,1,1,-0.01,FBS,Pos,Short,FB,2,21,17,37,1,1
6,44,3,2,0,MCS,Neg,Short,Mem,2,21,17,37,2,1
7,44,4,1,0,MCL,Pos,Long,Mem,2,21,17,37,2,2
8,44,2,1,0.01,FBL,Pos,Long,FB,2,21,17,37,1,2
9,44,1,2,0.03,FBS,Neg,Short,FB,2,21,17,37,1,1
10,44,3,2,0.04,MCS,Neg,Short,Mem,2,21,17,37,2,1
11,44,2,2,0.47,FBL,Neg,Long,FB,2,21,17,37,1,2
12,44,4,2,0.03,MCL,Neg,Long,Mem,2,21,17,37,2,2
13,44,4,1,-0.03,MCL,Pos,Long,Mem,2,21,17,37,2,2
14,44,2,1,0.06,FBL,Pos,Long,FB,2,21,17,37,1,2
15,44,3,1,0.02,MCS,Pos,Short,Mem,2,21,17,37,2,1
16,44,1,2,0.11,FBS,Neg,Short,FB,2,21,17,37,1,1
1,45,1,1,0.02,FBS,Pos,Short,FB,2,19,15,33,1,1
2,45,2,2,-0.09,FBL,Neg,Long,FB,2,19,15,33,1,2
3,45,3,1,-0.06,MCS,Pos,Short,Mem,2,19,15,33,2,1
4,45,4,2,-0.01,MCL,Neg,Long,Mem,2,19,15,33,2,2
5,45,1,1,-0.03,FBS,Pos,Short,FB,2,19,15,33,1,1
6,45,3,2,0,MCS,Neg,Short,Mem,2,19,15,33,2,1
7,45,4,1,0.03,MCL,Pos,Long,Mem,2,19,15,33,2,2
8,45,2,1,0,FBL,Pos,Long,FB,2,19,15,33,1,2
9,45,1,2,0.01,FBS,Neg,Short,FB,2,19,15,33,1,1
10,45,3,2,0.04,MCS,Neg,Short,Mem,2,19,15,33,2,1
11,45,2,2,0.11,FBL,Neg,Long,FB,2,19,15,33,1,2
12,45,4,2,-0.03,MCL,Neg,Long,Mem,2,19,15,33,2,2
13,45,4,1,0.1,MCL,Pos,Long,Mem,2,19,15,33,2,2
14,45,2,1,0.03,FBL,Pos,Long,FB,2,19,15,33,1,2
15,45,3,1,0.02,MCS,Pos,Short,Mem,2,19,15,33,2,1
16,45,1,2,-0.03,FBS,Neg,Short,FB,2,19,15,33,1,1
1,46,1,1,0.11,FBS,Pos,Short,FB,2,20,4,31,1,1
2,46,2,2,-0.09,FBL,Neg,Long,FB,2,20,4,31,1,2
3,46,3,1,-0.08,MCS,Pos,Short,Mem,2,20,4,31,2,1
4,46,4,2,0.04,MCL,Neg,Long,Mem,2,20,4,31,2,2
5,46,1,1,0.01,FBS,Pos,Short,FB,2,20,4,31,1,1
6,46,3,2,0.05,MCS,Neg,Short,Mem,2,20,4,31,2,1
7,46,4,1,-0.13,MCL,Pos,Long,Mem,2,20,4,31,2,2
8,46,2,1,-0.1,FBL,Pos,Long,FB,2,20,4,31,1,2
9,46,1,2,-0.05,FBS,Neg,Short,FB,2,20,4,31,1,1
10,46,3,2,-0.01,MCS,Neg,Short,Mem,2,20,4,31,2,1
11,46,2,2,0.05,FBL,Neg,Long,FB,2,20,4,31,1,2
12,46,4,2,-0.08,MCL,Neg,Long,Mem,2,20,4,31,2,2
13,46,4,1,-0.05,MCL,Pos,Long,Mem,2,20,4,31,2,2
14,46,2,1,-0.04,FBL,Pos,Long,FB,2,20,4,31,1,2
15,46,3,1,-0.11,MCS,Pos,Short,Mem,2,20,4,31,2,1
16,46,1,2,-0.06,FBS,Neg,Short,FB,2,20,4,31,1,1
1,47,1,1,0.03,FBS,Pos,Short,FB,2,19,17,33,1,1
2,47,2,2,0.02,FBL,Neg,Long,FB,2,19,17,33,1,2
3,47,3,1,-0.05,MCS,Pos,Short,Mem,2,19,17,33,2,1
4,47,4,2,0,MCL,Neg,Long,Mem,2,19,17,33,2,2
5,47,1,1,0,FBS,Pos,Short,FB,2,19,17,33,1,1
6,47,3,2,0.06,MCS,Neg,Short,Mem,2,19,17,33,2,1
7,47,4,1,-0.13,MCL,Pos,Long,Mem,2,19,17,33,2,2
8,47,2,1,-0.16,FBL,Pos,Long,FB,2,19,17,33,1,2
9,47,1,2,-0.1,FBS,Neg,Short,FB,2,19,17,33,1,1
10,47,3,2,0,MCS,Neg,Short,Mem,2,19,17,33,2,1
11,47,2,2,-0.02,FBL,Neg,Long,FB,2,19,17,33,1,2
12,47,4,2,-0.06,MCL,Neg,Long,Mem,2,19,17,33,2,2
13,47,4,1,0.06,MCL,Pos,Long,Mem,2,19,17,33,2,2
14,47,2,1,-0.01,FBL,Pos,Long,FB,2,19,17,33,1,2
15,47,3,1,-0.05,MCS,Pos,Short,Mem,2,19,17,33,2,1
16,47,1,2,-0.01,FBS,Neg,Short,FB,2,19,17,33,1,1
1,48,1,1,0.02,FBS,Pos,Short,FB,2,20,11,27,1,1
2,48,2,2,0.04,FBL,Neg,Long,FB,2,20,11,27,1,2
3,48,3,1,0.36,MCS,Pos,Short,Mem,2,20,11,27,2,1
4,48,4,2,0.02,MCL,Neg,Long,Mem,2,20,11,27,2,2
5,48,1,1,0.01,FBS,Pos,Short,FB,2,20,11,27,1,1
6,48,3,2,0.01,MCS,Neg,Short,Mem,2,20,11,27,2,1
7,48,4,1,0.01,MCL,Pos,Long,Mem,2,20,11,27,2,2
8,48,2,1,-0.12,FBL,Pos,Long,FB,2,20,11,27,1,2
9,48,1,2,-0.03,FBS,Neg,Short,FB,2,20,11,27,1,1
10,48,3,2,0.05,MCS,Neg,Short,Mem,2,20,11,27,2,1
11,48,2,2,-0.01,FBL,Neg,Long,FB,2,20,11,27,1,2
12,48,4,2,-0.12,MCL,Neg,Long,Mem,2,20,11,27,2,2
13,48,4,1,0.04,MCL,Pos,Long,Mem,2,20,11,27,2,2
14,48,2,1,0.01,FBL,Pos,Long,FB,2,20,11,27,1,2
15,48,3,1,-0.08,MCS,Pos,Short,Mem,2,20,11,27,2,1
16,48,1,2,-0.01,FBS,Neg,Short,FB,2,20,11,27,1,1
1,49,1,1,0.06,FBS,Pos,Short,FB,2,20,15,39,1,1
2,49,2,2,-0.05,FBL,Neg,Long,FB,2,20,15,39,1,2
3,49,3,1,0,MCS,Pos,Short,Mem,2,20,15,39,2,1
4,49,4,2,0.08,MCL,Neg,Long,Mem,2,20,15,39,2,2
5,49,1,1,-0.07,FBS,Pos,Short,FB,2,20,15,39,1,1
6,49,3,2,0.04,MCS,Neg,Short,Mem,2,20,15,39,2,1
7,49,4,1,-0.05,MCL,Pos,Long,Mem,2,20,15,39,2,2
8,49,2,1,0.06,FBL,Pos,Long,FB,2,20,15,39,1,2
9,49,1,2,-0.06,FBS,Neg,Short,FB,2,20,15,39,1,1
10,49,3,2,0.03,MCS,Neg,Short,Mem,2,20,15,39,2,1
11,49,2,2,0.02,FBL,Neg,Long,FB,2,20,15,39,1,2
12,49,4,2,0.03,MCL,Neg,Long,Mem,2,20,15,39,2,2
13,49,4,1,0.07,MCL,Pos,Long,Mem,2,20,15,39,2,2
14,49,2,1,-0.03,FBL,Pos,Long,FB,2,20,15,39,1,2
15,49,3,1,0.05,MCS,Pos,Short,Mem,2,20,15,39,2,1
16,49,1,2,0.19,FBS,Neg,Short,FB,2,20,15,39,1,1
1,50,1,1,0.05,FBS,Pos,Short,FB,2,20,12,30,1,1
2,50,2,2,-0.08,FBL,Neg,Long,FB,2,20,12,30,1,2
3,50,3,1,0,MCS,Pos,Short,Mem,2,20,12,30,2,1
4,50,4,2,-0.01,MCL,Neg,Long,Mem,2,20,12,30,2,2
5,50,1,1,0,FBS,Pos,Short,FB,2,20,12,30,1,1
6,50,3,2,-0.02,MCS,Neg,Short,Mem,2,20,12,30,2,1
7,50,4,1,0.06,MCL,Pos,Long,Mem,2,20,12,30,2,2
8,50,2,1,0.09,FBL,Pos,Long,FB,2,20,12,30,1,2
9,50,1,2,0.01,FBS,Neg,Short,FB,2,20,12,30,1,1
10,50,3,2,0.03,MCS,Neg,Short,Mem,2,20,12,30,2,1
11,50,2,2,-0.07,FBL,Neg,Long,FB,2,20,12,30,1,2
12,50,4,2,-0.16,MCL,Neg,Long,Mem,2,20,12,30,2,2
13,50,4,1,-0.1,MCL,Pos,Long,Mem,2,20,12,30,2,2
14,50,2,1,-0.13,FBL,Pos,Long,FB,2,20,12,30,1,2
15,50,3,1,-0.04,MCS,Pos,Short,Mem,2,20,12,30,2,1
16,50,1,2,-0.06,FBS,Neg,Short,FB,2,20,12,30,1,1
1,52,1,1,0.05,FBS,Pos,Short,FB,2,19,13,36,1,1
2,52,2,2,-0.07,FBL,Neg,Long,FB,2,19,13,36,1,2
3,52,3,1,0,MCS,Pos,Short,Mem,2,19,13,36,2,1
4,52,4,2,0.1,MCL,Neg,Long,Mem,2,19,13,36,2,2
5,52,1,1,0.02,FBS,Pos,Short,FB,2,19,13,36,1,1
6,52,3,2,0.32,MCS,Neg,Short,Mem,2,19,13,36,2,1
7,52,4,1,0.01,MCL,Pos,Long,Mem,2,19,13,36,2,2
8,52,2,1,0.05,FBL,Pos,Long,FB,2,19,13,36,1,2
9,52,1,2,0.1,FBS,Neg,Short,FB,2,19,13,36,1,1
10,52,3,2,0.07,MCS,Neg,Short,Mem,2,19,13,36,2,1
11,52,2,2,-0.06,FBL,Neg,Long,FB,2,19,13,36,1,2
12,52,4,2,-0.06,MCL,Neg,Long,Mem,2,19,13,36,2,2
13,52,4,1,-0.02,MCL,Pos,Long,Mem,2,19,13,36,2,2
14,52,2,1,-0.04,FBL,Pos,Long,FB,2,19,13,36,1,2
15,52,3,1,-0.06,MCS,Pos,Short,Mem,2,19,13,36,2,1
16,52,1,2,-0.06,FBS,Neg,Short,FB,2,19,13,36,1,1
1,53,1,1,0.07,FBS,Pos,Short,FB,2,21,9,32,1,1
2,53,2,2,0.07,FBL,Neg,Long,FB,2,21,9,32,1,2
3,53,3,1,-0.08,MCS,Pos,Short,Mem,2,21,9,32,2,1
4,53,4,2,0,MCL,Neg,Long,Mem,2,21,9,32,2,2
5,53,1,1,-0.01,FBS,Pos,Short,FB,2,21,9,32,1,1
6,53,3,2,0.09,MCS,Neg,Short,Mem,2,21,9,32,2,1
7,53,4,1,-0.14,MCL,Pos,Long,Mem,2,21,9,32,2,2
8,53,2,1,0.01,FBL,Pos,Long,FB,2,21,9,32,1,2
9,53,1,2,-0.02,FBS,Neg,Short,FB,2,21,9,32,1,1
10,53,3,2,0.04,MCS,Neg,Short,Mem,2,21,9,32,2,1
11,53,2,2,0.09,FBL,Neg,Long,FB,2,21,9,32,1,2
12,53,4,2,-0.11,MCL,Neg,Long,Mem,2,21,9,32,2,2
13,53,4,1,0.03,MCL,Pos,Long,Mem,2,21,9,32,2,2
14,53,2,1,0.01,FBL,Pos,Long,FB,2,21,9,32,1,2
15,53,3,1,0.02,MCS,Pos,Short,Mem,2,21,9,32,2,1
16,53,1,2,0.04,FBS,Neg,Short,FB,2,21,9,32,1,1
1,54,1,1,0.07,FBS,Pos,Short,FB,2,19,10,43,1,1
2,54,2,2,-0.01,FBL,Neg,Long,FB,2,19,10,43,1,2
3,54,3,1,-0.1,MCS,Pos,Short,Mem,2,19,10,43,2,1
4,54,4,2,0.02,MCL,Neg,Long,Mem,2,19,10,43,2,2
5,54,1,1,-0.03,FBS,Pos,Short,FB,2,19,10,43,1,1
6,54,3,2,0.04,MCS,Neg,Short,Mem,2,19,10,43,2,1
7,54,4,1,-0.01,MCL,Pos,Long,Mem,2,19,10,43,2,2
8,54,2,1,-0.03,FBL,Pos,Long,FB,2,19,10,43,1,2
9,54,1,2,-0.07,FBS,Neg,Short,FB,2,19,10,43,1,1
10,54,3,2,0.03,MCS,Neg,Short,Mem,2,19,10,43,2,1
11,54,2,2,-0.04,FBL,Neg,Long,FB,2,19,10,43,1,2
12,54,4,2,-0.1,MCL,Neg,Long,Mem,2,19,10,43,2,2
13,54,4,1,0.03,MCL,Pos,Long,Mem,2,19,10,43,2,2
14,54,2,1,-0.06,FBL,Pos,Long,FB,2,19,10,43,1,2
15,54,3,1,-0.08,MCS,Pos,Short,Mem,2,19,10,43,2,1
16,54,1,2,-0.07,FBS,Neg,Short,FB,2,19,10,43,1,1
1,55,1,1,0.04,FBS,Pos,Short,FB,2,19,16,27,1,1
2,55,2,2,-0.09,FBL,Neg,Long,FB,2,19,16,27,1,2
3,55,3,1,-0.04,MCS,Pos,Short,Mem,2,19,16,27,2,1
4,55,4,2,-0.01,MCL,Neg,Long,Mem,2,19,16,27,2,2
5,55,1,1,0.01,FBS,Pos,Short,FB,2,19,16,27,1,1
6,55,3,2,0.01,MCS,Neg,Short,Mem,2,19,16,27,2,1
7,55,4,1,-0.04,MCL,Pos,Long,Mem,2,19,16,27,2,2
8,55,2,1,-0.12,FBL,Pos,Long,FB,2,19,16,27,1,2
9,55,1,2,-0.07,FBS,Neg,Short,FB,2,19,16,27,1,1
10,55,3,2,0.06,MCS,Neg,Short,Mem,2,19,16,27,2,1
11,55,2,2,0.12,FBL,Neg,Long,FB,2,19,16,27,1,2
12,55,4,2,0,MCL,Neg,Long,Mem,2,19,16,27,2,2
13,55,4,1,0.01,MCL,Pos,Long,Mem,2,19,16,27,2,2
14,55,2,1,-0.06,FBL,Pos,Long,FB,2,19,16,27,1,2
15,55,3,1,-0.04,MCS,Pos,Short,Mem,2,19,16,27,2,1
16,55,1,2,0.43,FBS,Neg,Short,FB,2,19,16,27,1,1
1,56,1,1,0.02,FBS,Pos,Short,FB,2,18,9,37,1,1
2,56,2,2,-0.12,FBL,Neg,Long,FB,2,18,9,37,1,2
3,56,3,1,-0.02,MCS,Pos,Short,Mem,2,18,9,37,2,1
4,56,4,2,0.04,MCL,Neg,Long,Mem,2,18,9,37,2,2
5,56,1,1,0.01,FBS,Pos,Short,FB,2,18,9,37,1,1
6,56,3,2,0.11,MCS,Neg,Short,Mem,2,18,9,37,2,1
7,56,4,1,-0.05,MCL,Pos,Long,Mem,2,18,9,37,2,2
8,56,2,1,0.02,FBL,Pos,Long,FB,2,18,9,37,1,2
9,56,1,2,-0.01,FBS,Neg,Short,FB,2,18,9,37,1,1
10,56,3,2,-0.01,MCS,Neg,Short,Mem,2,18,9,37,2,1
11,56,2,2,0.05,FBL,Neg,Long,FB,2,18,9,37,1,2
12,56,4,2,-0.01,MCL,Neg,Long,Mem,2,18,9,37,2,2
13,56,4,1,0,MCL,Pos,Long,Mem,2,18,9,37,2,2
14,56,2,1,0.02,FBL,Pos,Long,FB,2,18,9,37,1,2
15,56,3,1,-0.01,MCS,Pos,Short,Mem,2,18,9,37,2,1
16,56,1,2,0.02,FBS,Neg,Short,FB,2,18,9,37,1,1
1,57,1,1,0.02,FBS,Pos,Short,FB,2,18,15,48,1,1
2,57,2,2,-0.07,FBL,Neg,Long,FB,2,18,15,48,1,2
3,57,3,1,0.01,MCS,Pos,Short,Mem,2,18,15,48,2,1
4,57,4,2,0,MCL,Neg,Long,Mem,2,18,15,48,2,2
5,57,1,1,0,FBS,Pos,Short,FB,2,18,15,48,1,1
6,57,3,2,-0.03,MCS,Neg,Short,Mem,2,18,15,48,2,1
7,57,4,1,0.03,MCL,Pos,Long,Mem,2,18,15,48,2,2
8,57,2,1,-0.04,FBL,Pos,Long,FB,2,18,15,48,1,2
9,57,1,2,-0.07,FBS,Neg,Short,FB,2,18,15,48,1,1
10,57,3,2,0,MCS,Neg,Short,Mem,2,18,15,48,2,1
11,57,2,2,0.06,FBL,Neg,Long,FB,2,18,15,48,1,2
12,57,4,2,-0.06,MCL,Neg,Long,Mem,2,18,15,48,2,2
13,57,4,1,0.01,MCL,Pos,Long,Mem,2,18,15,48,2,2
14,57,2,1,-0.02,FBL,Pos,Long,FB,2,18,15,48,1,2
15,57,3,1,-0.07,MCS,Pos,Short,Mem,2,18,15,48,2,1
16,57,1,2,-0.02,FBS,Neg,Short,FB,2,18,15,48,1,1
1,58,1,1,0.03,FBS,Pos,Short,FB,2,19,21,40,1,1
2,58,2,2,0.12,FBL,Neg,Long,FB,2,19,21,40,1,2
3,58,3,1,0.09,MCS,Pos,Short,Mem,2,19,21,40,2,1
4,58,4,2,0.04,MCL,Neg,Long,Mem,2,19,21,40,2,2
5,58,1,1,-0.01,FBS,Pos,Short,FB,2,19,21,40,1,1
6,58,3,2,0,MCS,Neg,Short,Mem,2,19,21,40,2,1
7,58,4,1,-0.05,MCL,Pos,Long,Mem,2,19,21,40,2,2
8,58,2,1,0,FBL,Pos,Long,FB,2,19,21,40,1,2
9,58,1,2,0.03,FBS,Neg,Short,FB,2,19,21,40,1,1
10,58,3,2,0.02,MCS,Neg,Short,Mem,2,19,21,40,2,1
11,58,2,2,-0.04,FBL,Neg,Long,FB,2,19,21,40,1,2
12,58,4,2,-0.09,MCL,Neg,Long,Mem,2,19,21,40,2,2
13,58,4,1,0.04,MCL,Pos,Long,Mem,2,19,21,40,2,2
14,58,2,1,0.04,FBL,Pos,Long,FB,2,19,21,40,1,2
15,58,3,1,-0.03,MCS,Pos,Short,Mem,2,19,21,40,2,1
16,58,1,2,0.15,FBS,Neg,Short,FB,2,19,21,40,1,1
1,60,1,1,0.02,FBS,Pos,Short,FB,2,19,12,36,1,1
2,60,2,2,-0.1,FBL,Neg,Long,FB,2,19,12,36,1,2
3,60,3,1,-0.02,MCS,Pos,Short,Mem,2,19,12,36,2,1
4,60,4,2,-0.02,MCL,Neg,Long,Mem,2,19,12,36,2,2
5,60,1,1,-0.03,FBS,Pos,Short,FB,2,19,12,36,1,1
6,60,3,2,-0.03,MCS,Neg,Short,Mem,2,19,12,36,2,1
7,60,4,1,-0.01,MCL,Pos,Long,Mem,2,19,12,36,2,2
8,60,2,1,-0.09,FBL,Pos,Long,FB,2,19,12,36,1,2
9,60,1,2,0.07,FBS,Neg,Short,FB,2,19,12,36,1,1
10,60,3,2,0.01,MCS,Neg,Short,Mem,2,19,12,36,2,1
11,60,2,2,-0.04,FBL,Neg,Long,FB,2,19,12,36,1,2
12,60,4,2,0.04,MCL,Neg,Long,Mem,2,19,12,36,2,2
13,60,4,1,0.55,MCL,Pos,Long,Mem,2,19,12,36,2,2
14,60,2,1,-0.05,FBL,Pos,Long,FB,2,19,12,36,1,2
15,60,3,1,-0.03,MCS,Pos,Short,Mem,2,19,12,36,2,1
16,60,1,2,0.02,FBS,Neg,Short,FB,2,19,12,36,1,1
1,61,1,1,0.13,FBS,Pos,Short,FB,2,19,15,30,1,1
2,61,2,2,0.6,FBL,Neg,Long,FB,2,19,15,30,1,2
3,61,3,1,0.26,MCS,Pos,Short,Mem,2,19,15,30,2,1
4,61,4,2,0.7,MCL,Neg,Long,Mem,2,19,15,30,2,2
5,61,1,1,0,FBS,Pos,Short,FB,2,19,15,30,1,1
6,61,3,2,0.04,MCS,Neg,Short,Mem,2,19,15,30,2,1
7,61,4,1,-0.21,MCL,Pos,Long,Mem,2,19,15,30,2,2
8,61,2,1,-0.01,FBL,Pos,Long,FB,2,19,15,30,1,2
9,61,1,2,0,FBS,Neg,Short,FB,2,19,15,30,1,1
10,61,3,2,0.01,MCS,Neg,Short,Mem,2,19,15,30,2,1
11,61,2,2,0.03,FBL,Neg,Long,FB,2,19,15,30,1,2
12,61,4,2,-0.11,MCL,Neg,Long,Mem,2,19,15,30,2,2
13,61,4,1,0.06,MCL,Pos,Long,Mem,2,19,15,30,2,2
14,61,2,1,-0.12,FBL,Pos,Long,FB,2,19,15,30,1,2
15,61,3,1,-0.04,MCS,Pos,Short,Mem,2,19,15,30,2,1
16,61,1,2,-0.09,FBS,Neg,Short,FB,2,19,15,30,1,1
1,62,1,1,0.04,FBS,Pos,Short,FB,1,18,6,28,1,1
2,62,2,2,-0.01,FBL,Neg,Long,FB,1,18,6,28,1,2
3,62,3,1,-0.01,MCS,Pos,Short,Mem,1,18,6,28,2,1
4,62,4,2,-0.01,MCL,Neg,Long,Mem,1,18,6,28,2,2
5,62,1,1,-0.02,FBS,Pos,Short,FB,1,18,6,28,1,1
6,62,3,2,0.03,MCS,Neg,Short,Mem,1,18,6,28,2,1
7,62,4,1,-0.01,MCL,Pos,Long,Mem,1,18,6,28,2,2
8,62,2,1,0.03,FBL,Pos,Long,FB,1,18,6,28,1,2
9,62,1,2,-0.01,FBS,Neg,Short,FB,1,18,6,28,1,1
10,62,3,2,0.25,MCS,Neg,Short,Mem,1,18,6,28,2,1
11,62,2,2,0.48,FBL,Neg,Long,FB,1,18,6,28,1,2
12,62,4,2,-0.16,MCL,Neg,Long,Mem,1,18,6,28,2,2
13,62,4,1,0.01,MCL,Pos,Long,Mem,1,18,6,28,2,2
14,62,2,1,0,FBL,Pos,Long,FB,1,18,6,28,1,2
15,62,3,1,-0.14,MCS,Pos,Short,Mem,1,18,6,28,2,1
16,62,1,2,-0.06,FBS,Neg,Short,FB,1,18,6,28,1,1
1,63,1,1,-0.01,FBS,Pos,Short,FB,2,19,7,54,1,1
2,63,2,2,-0.1,FBL,Neg,Long,FB,2,19,7,54,1,2
3,63,3,1,-0.06,MCS,Pos,Short,Mem,2,19,7,54,2,1
4,63,4,2,0.01,MCL,Neg,Long,Mem,2,19,7,54,2,2
5,63,1,1,-0.01,FBS,Pos,Short,FB,2,19,7,54,1,1
6,63,3,2,0.01,MCS,Neg,Short,Mem,2,19,7,54,2,1
7,63,4,1,-0.01,MCL,Pos,Long,Mem,2,19,7,54,2,2
8,63,2,1,0,FBL,Pos,Long,FB,2,19,7,54,1,2
9,63,1,2,0.01,FBS,Neg,Short,FB,2,19,7,54,1,1
10,63,3,2,0.2,MCS,Neg,Short,Mem,2,19,7,54,2,1
11,63,2,2,0.01,FBL,Neg,Long,FB,2,19,7,54,1,2
12,63,4,2,0.01,MCL,Neg,Long,Mem,2,19,7,54,2,2
13,63,4,1,0.01,MCL,Pos,Long,Mem,2,19,7,54,2,2
14,63,2,1,0.02,FBL,Pos,Long,FB,2,19,7,54,1,2
15,63,3,1,0,MCS,Pos,Short,Mem,2,19,7,54,2,1
16,63,1,2,0.01,FBS,Neg,Short,FB,2,19,7,54,1,1
1,64,1,1,0.11,FBS,Pos,Short,FB,2,20,14,41,1,1
2,64,2,2,-0.05,FBL,Neg,Long,FB,2,20,14,41,1,2
3,64,3,1,0,MCS,Pos,Short,Mem,2,20,14,41,2,1
4,64,4,2,0.02,MCL,Neg,Long,Mem,2,20,14,41,2,2
5,64,1,1,0.02,FBS,Pos,Short,FB,2,20,14,41,1,1
6,64,3,2,-0.04,MCS,Neg,Short,Mem,2,20,14,41,2,1
7,64,4,1,-0.24,MCL,Pos,Long,Mem,2,20,14,41,2,2
8,64,2,1,-0.04,FBL,Pos,Long,FB,2,20,14,41,1,2
9,64,1,2,-0.06,FBS,Neg,Short,FB,2,20,14,41,1,1
10,64,3,2,0.02,MCS,Neg,Short,Mem,2,20,14,41,2,1
11,64,2,2,-0.06,FBL,Neg,Long,FB,2,20,14,41,1,2
12,64,4,2,-0.03,MCL,Neg,Long,Mem,2,20,14,41,2,2
13,64,4,1,0,MCL,Pos,Long,Mem,2,20,14,41,2,2
14,64,2,1,-0.08,FBL,Pos,Long,FB,2,20,14,41,1,2
15,64,3,1,-0.03,MCS,Pos,Short,Mem,2,20,14,41,2,1
16,64,1,2,-0.05,FBS,Neg,Short,FB,2,20,14,41,1,1
1,65,1,1,0.01,FBS,Pos,Short,FB,1,19,18,30,1,1
2,65,2,2,-0.13,FBL,Neg,Long,FB,1,19,18,30,1,2
3,65,3,1,0.05,MCS,Pos,Short,Mem,1,19,18,30,2,1
4,65,4,2,-0.01,MCL,Neg,Long,Mem,1,19,18,30,2,2
5,65,1,1,-0.01,FBS,Pos,Short,FB,1,19,18,30,1,1
6,65,3,2,0.02,MCS,Neg,Short,Mem,1,19,18,30,2,1
7,65,4,1,0.02,MCL,Pos,Long,Mem,1,19,18,30,2,2
8,65,2,1,-0.21,FBL,Pos,Long,FB,1,19,18,30,1,2
9,65,1,2,-0.08,FBS,Neg,Short,FB,1,19,18,30,1,1
10,65,3,2,0.03,MCS,Neg,Short,Mem,1,19,18,30,2,1
11,65,2,2,-0.06,FBL,Neg,Long,FB,1,19,18,30,1,2
12,65,4,2,-0.04,MCL,Neg,Long,Mem,1,19,18,30,2,2
13,65,4,1,0.01,MCL,Pos,Long,Mem,1,19,18,30,2,2
14,65,2,1,-0.02,FBL,Pos,Long,FB,1,19,18,30,1,2
15,65,3,1,-0.02,MCS,Pos,Short,Mem,1,19,18,30,2,1
16,65,1,2,0,FBS,Neg,Short,FB,1,19,18,30,1,1
